{
  "BlueNebula": {
    "textureRect": {
      "x": 0,
      "y": 0,
      "width": 1024,
      "height": 1024
    }
  },
  "GreenNebula": {
    "textureRect": {
      "x": 1024,
      "y": 0,
      "width": 1024,
      "height": 1024
    }
  },
  "Starfield": {
    "textureRect": {
      "x": 0,
      "y": 1024,
      "width": 1024,
      "height": 1024
    }
  },
  "PurpleNebula": {
    "textureRect": {
      "x": 1024,
      "y": 1024,
      "width": 1024,
      "height": 1024
    }
  },
  "DeepPurpleNebula": {
    "textureRect": {
      "x": 0,
      "y": 2048,
      "width": 1024,
      "height": 1024
    }
  }
}
