{
    "entities": [
        {
            "tag": "Player",
            "sprite": {
                "texturePath": "Player",
                "textureRect": {
                    "x": 0,
                    "y": 0,
                    "width": 33,
                    "height": 15
                },
                "origin": {
                    "x": 0,
                    "y": 0
                }
            },
            "clock": false,
            "health": {
                "health": 100,
                "maxHealth": 100
            },
            "collider": {
                "width": 33,
                "height": 15
            },
            "transform": {
                "position": {
                    "x": 300,
                    "y": 400
                },
                "velocity": {
                    "x": 0,
                    "y": 0
                },
                "scale": {
                    "x": 2,
                    "y": 2
                },
                "rotation": 0
            }
        },
        {
            "tag": "BasicEnemy",
            "sprite": {
                "texturePath": "BasicEnemy",
                "textureRect": {
                    "x": 0,
                    "y": 0,
                    "width": 33,
                    "height": 15
                },
                "origin": {
                    "x": 16.5,
                    "y": 7.5
                }
            },
            "health": {
                "health": 50,
                "maxHealth": 50
            },
            "clock": false,
            "collider": {
                "width": 33,
                "height": 15
            },
            "transform": {
                "position": {
                    "x": 850,
                    "y": 300
                },
                "velocity": {
                    "x": -2,
                    "y": 0
                },
                "scale": {
                    "x": -2,
                    "y": 2
                },
                "rotation": 0
            }
        },
        {
            "tag": "PlayerBullet",
            "sprite": {
                "texturePath": "PlayerBullet",
                "textureRect": {
                    "x": 0,
                    "y": 0,
                    "width": 31,
                    "height": 6
                },
                "origin": {
                    "x": 0,
                    "y": 0
                }
            },
            "clock": false,
            "collider": {
                "width": 31,
                "height": 6
            },
            "transform": {
                "position": {
                    "x": 0,
                    "y": 0
                },
                "velocity": {
                    "x": 1,
                    "y": 0
                },
                "scale": {
                    "x": 2,
                    "y": 2
                },
                "rotation": 0
            }
        },
        {
            "tag": "Upgrade",
            "sprite": {
                "texturePath": "Upgrade",
                "textureRect": {
                    "x": 0,
                    "y": 0,
                    "width": 18,
                    "height": 18
                },
                "origin": {
                    "x": 0,
                    "y": 0
                }
            },
            "collider": {
                "width": 31,
                "height": 6
            },
            "transform": {
                "position": {
                    "x": 0,
                    "y": 0
                },
                "velocity": {
                    "x": 1,
                    "y": 0
                },
                "scale": {
                    "x": 2,
                    "y": 2
                },
                "rotation": 0
            },
            "animation": {
                "current": "Idle",
                "frame": 0,
                "clips": [
                    {
                        "name": "Idle",
                        "loop": true,
                        "change": 20,
                        "textures": [
                            {
                                "x": 0,
                                "y": 0,
                                "width": 17,
                                "height": 17
                            },
                            {
                                "x": 17,
                                "y": 0,
                                "width": 17,
                                "height": 17
                            },
                            {
                                "x": 34,
                                "y": 0,
                                "width": 17,
                                "height": 17
                            },
                            {
                                "x": 51,
                                "y": 0,
                                "width": 17,
                                "height": 17
                            },
                            {
                                "x": 68,
                                "y": 0,
                                "width": 17,
                                "height": 17
                            },
                            {
                                "x": 85,
                                "y": 0,
                                "width": 17,
                                "height": 17
                            },
                            {
                                "x": 102,
                                "y": 0,
                                "width": 17,
                                "height": 17
                            },
                            {
                                "x": 119,
                                "y": 0,
                                "width": 17,
                                "height": 17
                            },
                            {
                                "x": 136,
                                "y": 0,
                                "width": 17,
                                "height": 17
                            },
                            {
                                "x": 153,
                                "y": 0,
                                "width": 17,
                                "height": 17
                            },
                            {
                                "x": 170,
                                "y": 0,
                                "width": 17,
                                "height": 17
                            },
                            {
                                "x": 187,
                                "y": 0,
                                "width": 17,
                                "height": 17
                            }
                        ]
                    }
                ]
            }
        },
        {
            "tag": "KamikazeEnemy",
            "clock": true,
            "collider": {
                "width": 18,
                "height": 18
            },
            "sprite": {
                "texturePath": "Kamikaze",
                "textureRect": {
                    "x": 0,
                    "y": 0,
                    "width": 33,
                    "height": 15
                },
                "origin": {
                    "x": 0,
                    "y": 0
                }
            },
            "health": {
                "health": 30,
                "maxHealth": 30
            },
            "transform": {
                "position": {
                    "x": 850,
                    "y": 0
                },
                "velocity": {
                    "x": 0,
                    "y": 0
                },
                "scale": {
                    "x": 2,
                    "y": 2
                },
                "rotation": 0
            },
            "animation": {
                "current": "Idle",
                "frame": 0,
                "clips": [
                    {
                        "name": "Idle",
                        "loop": true,
                        "change": 20,
                        "textures": [
                            {
                                "x": 0,
                                "y": 0,
                                "width": 18,
                                "height": 18
                            },
                            {
                                "x": 18,
                                "y": 0,
                                "width": 18,
                                "height": 18
                            },
                            {
                                "x": 36,
                                "y": 0,
                                "width": 18,
                                "height": 18
                            },
                            {
                                "x": 54,
                                "y": 0,
                                "width": 18,
                                "height": 18
                            },
                            {
                                "x": 72,
                                "y": 0,
                                "width": 18,
                                "height": 18
                            },
                            {
                                "x": 90,
                                "y": 0,
                                "width": 18,
                                "height": 18
                            },
                            {
                                "x": 108,
                                "y": 0,
                                "width": 18,
                                "height": 18
                            },
                            {
                                "x": 126,
                                "y": 0,
                                "width": 18,
                                "height": 18
                            },
                            {
                                "x": 144,
                                "y": 0,
                                "width": 18,
                                "height": 18
                            }
                        ]
                    }
                ]
            }
        },
        {
            "tag": "UFOEnemy",
            "clock": true,
            "collider": {
                "width": 18,
                "height": 18
            },
            "sprite": {
                "texturePath": "UFO",
                "textureRect": {
                    "x": 0,
                    "y": 0,
                    "width": 32,
                    "height": 32
                },
                "origin": {
                    "x": 0,
                    "y": 0
                }
            },
            "health": {
                "health": 50,
                "maxHealth": 50
            },
            "transform": {
                "position": {
                    "x": 850,
                    "y": 0
                },
                "velocity": {
                    "x": -2,
                    "y": 0
                },
                "scale": {
                    "x": 2,
                    "y": 2
                },
                "rotation": 0
            },
            "animation": {
                "current": "Idle",
                "frame": 0,
                "clips": [
                    {
                        "name": "Idle",
                        "loop": true,
                        "change": 50,
                        "textures": [
                            {
                                "x": 0,
                                "y": 0,
                                "width": 32,
                                "height": 32
                            },
                            {
                                "x": 32,
                                "y": 0,
                                "width": 32,
                                "height": 32
                            },
                            {
                                "x": 64,
                                "y": 0,
                                "width": 32,
                                "height": 32
                            },
                            {
                                "x": 96,
                                "y": 0,
                                "width": 32,
                                "height": 32
                            },
                            {
                                "x": 128,
                                "y": 0,
                                "width": 32,
                                "height": 32
                            },
                            {
                                "x": 160,
                                "y": 0,
                                "width": 32,
                                "height": 32
                            },
                            {
                                "x": 192,
                                "y": 0,
                                "width": 32,
                                "height": 32
                            },
                            {
                                "x": 224,
                                "y": 0,
                                "width": 32,
                                "height": 32
                            },
                            {
                                "x": 256,
                                "y": 0,
                                "width": 32,
                                "height": 32
                            },
                            {
                                "x": 288,
                                "y": 0,
                                "width": 32,
                                "height": 32
                            },
                            {
                                "x": 320,
                                "y": 0,
                                "width": 32,
                                "height": 32
                            },
                            {
                                "x": 352,
                                "y": 0,
                                "width": 32,
                                "height": 32
                            },
                            {
                                "x": 384,
                                "y": 0,
                                "width": 32,
                                "height": 32
                            },
                            {
                                "x": 416,
                                "y": 0,
                                "width": 32,
                                "height": 32
                            },
                            {
                                "x": 448,
                                "y": 0,
                                "width": 32,
                                "height": 32
                            },
                            {
                                "x": 480,
                                "y": 0,
                                "width": 32,
                                "height": 32
                            }
                        ]
                    }
                ]
            }
        },
        {
            "tag": "Explosion",
            "clock": true,
            "sprite": {
                "texturePath": "Explosion",
                "textureRect": {
                    "x": 0,
                    "y": 0,
                    "width": 96,
                    "height": 96
                },
                "origin": {
                    "x": 48,
                    "y": 48
                }
            },
            "transform": {
                "position": {
                    "x": 850,
                    "y": 0
                },
                "velocity": {
                    "x": 0,
                    "y": 0
                },
                "scale": {
                    "x": 2,
                    "y": 2
                },
                "rotation": 0
            },
            "animation": {
                "current": "KaBOOM",
                "frame": 0,
                "clips": [
                    {
                        "name": "KaBOOM",
                        "loop": false,
                        "change": 100,
                        "textures": [
                            {
                                "x": 0,
                                "y": 0,
                                "width": 96,
                                "height": 96
                            },
                            {
                                "x": 96,
                                "y": 0,
                                "width": 96,
                                "height": 96
                            },
                            {
                                "x": 192,
                                "y": 0,
                                "width": 96,
                                "height": 96
                            },
                            {
                                "x": 288,
                                "y": 0,
                                "width": 96,
                                "height": 96
                            },
                            {
                                "x": 384,
                                "y": 0,
                                "width": 96,
                                "height": 96
                            },
                            {
                                "x": 480,
                                "y": 0,
                                "width": 96,
                                "height": 96
                            },
                            {
                                "x": 576,
                                "y": 0,
                                "width": 96,
                                "height": 96
                            },
                            {
                                "x": 672,
                                "y": 0,
                                "width": 96,
                                "height": 96
                            },
                            {
                                "x": 768,
                                "y": 0,
                                "width": 96,
                                "height": 96
                            },
                            {
                                "x": 864,
                                "y": 0,
                                "width": 96,
                                "height": 96
                            },
                            {
                                "x": 960,
                                "y": 0,
                                "width": 96,
                                "height": 96
                            },
                            {
                                "x": 1056,
                                "y": 0,
                                "width": 96,
                                "height": 96
                            },
                            {
                                "x": 1152,
                                "y": 0,
                                "width": 96,
                                "height": 96
                            }
                        ]
                    }
                ]
            }
        },
        {
            "tag": "MineEnemy",
            "sprite": {
                "texturePath": "Bomba",
                "textureRect": {
                    "x": 0,
                    "y": 0,
                    "width": 18,
                    "height":18
                },
                "origin": {
                    "x": 9,
                    "y": 9
                }
            },
            "health": {
                "health": 20,
                "maxHealth": 20
            },
               "collider": {
                "width": 18,
                "height": 18
            },
            "transform": {
                "position": {
                    "x": 850,
                    "y": 0
                },
                "velocity": {
                    "x": -0.1,
                    "y": 0
                },
                "scale": {
                    "x": 2,
                    "y": 2
                },
                "rotation": 0
            },
            "animation": {
                "current": "Idle",
                "frame": 0,
                "clips": [
                    {
                        "name": "Idle",
                        "loop": true,
                        "change": 100,
                        "textures": [
                            {
                                "x": 0,
                                "y": 0,
                                "width": 18,
                                "height": 18
                            },
                            {
                                "x": 18,
                                "y": 0,
                                "width": 18,
                                "height": 18
                            },
                            {
                                "x": 36,
                                "y": 0,
                                "width": 18,
                                "height": 18
                            },
                            {
                                "x": 54,
                                "y": 0,
                                "width": 18,
                                "height":18
                            },
                            {
                                "x": 72,
                                "y": 0,
                                "width": 18,
                                "height": 18
                            },
                            {
                                "x": 90,
                                "y": 0,
                                "width": 18,
                                "height": 18
                            },
                            {
                                "x": 108,
                                "y": 0,
                                "width": 18,
                                "height": 18
                            },
                            {
                                "x": 126,
                                "y": 0,
                                "width": 18,
                                "height": 18
                            },
                            {
                                "x": 144,
                                "y": 0,
                                "width": 18,
                                "height": 18
                            },
                            {
                                "x": 162,
                                "y": 0,
                                "width": 18,
                                "height": 18
                            },
                            {
                                "x": 180,
                                "y": 0,
                                "width": 18,
                                "height": 18
                            },
                            {
                                "x": 198,
                                "y": 0,
                                "width": 18,
                                "height": 18
                            },
                            {
                                "x": 216,
                                "y": 0,
                                "width": 18,
                                "height": 18
                            },
                            {
                                "x": 234,
                                "y": 0,
                                "width": 18,
                                "height": 18
                            },
                            {
                                "x": 252,
                                "y": 0,
                                "width": 18,
                                "height": 18
                            },
                            {
                                "x": 270,
                                "y": 0,
                                "width": 18,
                                "height": 18
                            }
                        ]
                    }
                ]
            }
        },
        {
            "tag": "EnemyBullet",
            "clock": false,
            "sprite": {
                "texturePath": "EnemyBullet",
                "textureRect": {
                    "x": 0,
                    "y": 0,
                    "width": 8,
                    "height": 8
                },
                "origin": {
                    "x": 4,
                    "y": 4
                }
            },
               "collider": {
                "width": 8,
                "height": 8
            },
            "transform": {
                "position": {
                    "x": 850,
                    "y": 0
                },
                "velocity": {
                    "x": -0.01,
                    "y": 0
                },
                "scale": {
                    "x": 2,
                    "y": 2
                },
                "rotation": 0
            }
        },
        {
            "tag": "BigAsteroid",
            "clock": false,
            "sprite": {
                "texturePath": "Asteroid",
                "textureRect": {
                    "x": 32,
                    "y": 0,
                    "width": 64,
                    "height": 32
                },
                "origin": {
                    "x": 0,
                    "y": 0
                }
            },
            "collider": {
                "width": 64,
                "height": 32
            },
            "transform": {
                "position": {
                    "x": 850,
                    "y": 0
                },
                "velocity": {
                    "x": -0.01,
                    "y": 0
                },
                "scale": {
                    "x": 2,
                    "y": 2
                },
                "rotation": 0
            }
        },
        {
            "tag": "Asteroid",
            "clock": false,
            "sprite": {
                "texturePath": "Asteroid",
                "textureRect": {
                    "x": 0,
                    "y": 0,
                    "width": 32,
                    "height": 32
                },
                "origin": {
                    "x": 0,
                    "y": 0
                }
            },
            "collider": {
                "width": 32,
                "height": 32
            },
            "transform": {
                "position": {
                    "x": 850,
                    "y": 0
                },
                "velocity": {
                    "x": -0.01,
                    "y": 0
                },
                "scale": {
                    "x": 2,
                    "y": 2
                },
                "rotation": 0
            }
        }
    ]
}
