{
  "BasicEnemy" : "./assets/entities/BasicEnemy.png",
  "EnemyBullet" : "./assets/entities/EnemyBullet.png",
  "Explosion" : "./assets/entities/Explosion.png",
  "Kamikaze" : "./assets/entities/KamikazeEnemy.png",
  "PlayerBullet" : "./assets/entities/PlayerShoot.png",
  "Player" : "./assets/entities/Spaceship.png",
  "UFO" : "./assets/entities/UFOEnemy.png",
  "Upgrade" : "./assets/entities/Upgrade.png",
  "Background": "./assets/backgrounds/backgrounds.png",
  "Bomba": "./assets/entities/Bomba.png"
}
