{
    "Title": "Level1",
    "Music": "Voyage1970",
    "Background": "./assets/SpaceBG.png",
    "Timer": 20000,
    "Waves": [
        {
            "Timer": 5000,
            "Enemies": [
                {
                    "tag": "BasicEnemy",
                    "nb": 2
                },
                {
                    "tag": "KamikazeEnemy",
                    "nb": 2
                },
                {
                    "tag": "UFOEnemy",
                    "nb": 3
                }
            ]
        },
        {
            "Timer": 10000,
            "Enemies": [
                {
                    "tag": "BasicEnemy",
                    "nb": 3
                },
                {
                    "tag": "KamikazeEnemy",
                    "nb": 4
                },
                {
                    "tag": "UFOEnemy",
                    "nb": 4
                }
            ]
        }
    ]
}
