{
    "Title": "Level1",
    "Music": "Voyage1970",
    "Background": "Starfield",
    "Timer": 5000,
    "Waves": [
        {
            "Timer": 2500,
            "Enemies": [
                {
                    "tag": "MineEnemy",
                    "nb": 1
                }
            ]
        },
        {
            "Timer": 4900,
            "Enemies": [
                {
                    "tag": "MineEnemy",
                    "nb": 1
                }
            ]
        }
    ]
}
