{
  "Title": "Level3",
  "Music": "TheLongAwaitedOmagatoki",
  "Background": "GreenNebula",
  "Timer": 100000,
  "Waves" : [
    {
      "Timer": 5000,
      "Enemies": [
        {
          "tag": "BasicEnemy",
          "nb": 2
        },
        {
          "tag": "KamikazeEnemy",
          "nb": 2
        },
        {
          "tag": "UFOEnemy",
          "nb": 3
        }
      ]
    },
    {
      "Timer": 10000,
      "Enemies": [
        {
          "tag": "BasicEnemy",
          "nb": 2
        },
        {
          "tag": "KamikazeEnemy",
          "nb": 2
        },
        {
          "tag": "UFOEnemy",
          "nb": 3
        }
      ]
    }
  ]
}
